{"cameraMode":{"drawMode":0,"name":"Shaded","section":"Shading Mode"},"sceneLighting":false,"audioPlay":false,"sceneViewState":{"m_AlwaysRefresh":false,"showFog":true,"showSkybox":false,"showFlares":true,"showImageEffects":true,"showParticleSystems":true,"showVisualEffectGraphs":true,"m_FxEnabled":true},"in2DMode":false,"pivot":{"x":2.290663480758667,"y":2.7890396118164064,"z":-0.47070789337158205},"rotation":{"x":0.03072488121688366,"y":-0.16504642367362977,"z":-0.005295386537909508,"w":-0.9856744408607483},"size":4.543630599975586,"orthographic":false}