{"cameraMode":{"drawMode":0,"name":"Shaded","section":"Shading Mode"},"sceneLighting":false,"audioPlay":false,"sceneViewState":{"m_AlwaysRefresh":false,"showFog":true,"showSkybox":false,"showFlares":true,"showImageEffects":true,"showParticleSystems":true,"showVisualEffectGraphs":true,"m_FxEnabled":true},"in2DMode":false,"pivot":{"x":-0.13920441269874574,"y":1.4226852655410767,"z":-0.3729896545410156},"rotation":{"x":-0.00019547627016436309,"y":-0.9998310208320618,"z":-0.008684138767421246,"w":0.005112331826239824},"size":10.753547668457032,"orthographic":false}