{"cameraMode":{"drawMode":0,"name":"Shaded","section":"Shading Mode"},"sceneLighting":true,"audioPlay":false,"sceneViewState":{"m_AlwaysRefresh":false,"showFog":true,"showSkybox":true,"showFlares":true,"showImageEffects":true,"showParticleSystems":true,"showVisualEffectGraphs":true,"m_FxEnabled":true},"in2DMode":false,"pivot":{"x":5.325667858123779,"y":-0.2688305377960205,"z":15.925956726074219},"rotation":{"x":0.04733247682452202,"y":-0.045248981565237048,"z":0.0021458053961396219,"w":0.9978535175323486},"size":14.404233932495118,"orthographic":false}