{"cameraMode":{"drawMode":0,"name":"Shaded","section":"Shading Mode"},"sceneLighting":true,"audioPlay":false,"sceneViewState":{"m_AlwaysRefresh":false,"showFog":true,"showSkybox":true,"showFlares":true,"showImageEffects":true,"showParticleSystems":true,"showVisualEffectGraphs":true,"m_FxEnabled":true},"in2DMode":false,"pivot":{"x":6.2234086990356449,"y":2.89097261428833,"z":-14.617115020751954},"rotation":{"x":0.04999888688325882,"y":0.12222212553024292,"z":-0.00616461131721735,"w":0.9912266731262207},"size":10.748321533203125,"orthographic":false}