{"cameraMode":{"drawMode":0,"name":"Shaded","section":"Shading Mode"},"sceneLighting":false,"audioPlay":false,"sceneViewState":{"m_AlwaysRefresh":false,"showFog":true,"showSkybox":false,"showFlares":true,"showImageEffects":true,"showParticleSystems":true,"showVisualEffectGraphs":true,"m_FxEnabled":true},"in2DMode":false,"pivot":{"x":-7.3465046882629398,"y":1.7346000671386719,"z":2.763957977294922},"rotation":{"x":0.0000012812829481845256,"y":-0.9715047478675842,"z":0.23652249574661256,"w":0.000632045732345432},"size":15.159059524536133,"orthographic":false}