{"cameraMode":{"drawMode":0,"name":"Shaded","section":"Shading Mode"},"sceneLighting":false,"audioPlay":false,"sceneViewState":{"m_AlwaysRefresh":false,"showFog":true,"showSkybox":false,"showFlares":true,"showImageEffects":true,"showParticleSystems":true,"showVisualEffectGraphs":true,"m_FxEnabled":true},"in2DMode":false,"pivot":{"x":-2.0346131324768068,"y":0.24091196060180665,"z":2.774261474609375},"rotation":{"x":0.007486005779355764,"y":-0.9250651001930237,"z":0.3789736032485962,"w":0.018666192889213563},"size":21.18023109436035,"orthographic":false}