{"cameraMode":{"drawMode":0,"name":"Shaded","section":"Shading Mode"},"sceneLighting":false,"audioPlay":false,"sceneViewState":{"m_AlwaysRefresh":false,"showFog":true,"showSkybox":false,"showFlares":true,"showImageEffects":true,"showParticleSystems":true,"showVisualEffectGraphs":true,"m_FxEnabled":true},"in2DMode":false,"pivot":{"x":2.1627626419067385,"y":-10.70449447631836,"z":-20.27014923095703},"rotation":{"x":0.0016487265238538385,"y":0.9787799119949341,"z":-0.20433898270130158,"w":0.0076172836124897},"size":24.269052505493165,"orthographic":false}