{"cameraMode":{"drawMode":0,"name":"Shaded","section":"Shading Mode"},"sceneLighting":false,"audioPlay":false,"sceneViewState":{"m_AlwaysRefresh":false,"showFog":true,"showSkybox":false,"showFlares":true,"showImageEffects":true,"showParticleSystems":true,"showVisualEffectGraphs":true,"m_FxEnabled":true},"in2DMode":false,"pivot":{"x":2.5822746753692629,"y":0.9837188720703125,"z":-0.958160400390625},"rotation":{"x":-0.35813263058662417,"y":-0.00785770732909441,"z":0.002989002037793398,"w":-0.9335425496101379},"size":20.139976501464845,"orthographic":false}