{"cameraMode":{"drawMode":0,"name":"Shaded","section":"Shading Mode"},"sceneLighting":false,"audioPlay":false,"sceneViewState":{"m_AlwaysRefresh":false,"showFog":true,"showSkybox":false,"showFlares":true,"showImageEffects":true,"showParticleSystems":true,"showVisualEffectGraphs":true,"m_FxEnabled":true},"in2DMode":false,"pivot":{"x":-0.43428754806518557,"y":-0.2525138854980469,"z":4.786323547363281},"rotation":{"x":0.02275143377482891,"y":0.9571565389633179,"z":-0.27762171626091006,"w":0.07794450968503952},"size":22.11863136291504,"orthographic":false}