{"cameraMode":{"drawMode":0,"name":"Shaded","section":"Shading Mode"},"sceneLighting":false,"audioPlay":false,"sceneViewState":{"m_AlwaysRefresh":false,"showFog":true,"showSkybox":false,"showFlares":true,"showImageEffects":true,"showParticleSystems":true,"showVisualEffectGraphs":true,"m_FxEnabled":true},"in2DMode":false,"pivot":{"x":-2.0284292697906496,"y":-1.4348077774047852,"z":5.319675445556641},"rotation":{"x":0.006167398765683174,"y":0.9437330365180969,"z":-0.3299209773540497,"w":0.017220737412571908},"size":15.1489839553833,"orthographic":false}