{"cameraMode":{"drawMode":0,"name":"Shaded","section":"Shading Mode"},"sceneLighting":false,"audioPlay":false,"sceneViewState":{"m_AlwaysRefresh":false,"showFog":true,"showSkybox":false,"showFlares":true,"showImageEffects":true,"showParticleSystems":true,"showVisualEffectGraphs":true,"m_FxEnabled":true},"in2DMode":false,"pivot":{"x":18.95313262939453,"y":-14.444389343261719,"z":46.70378112792969},"rotation":{"x":0.0022110161371529104,"y":-0.8901750445365906,"z":0.45533862709999087,"w":0.004974834620952606},"size":53.75157928466797,"orthographic":false}