{"cameraMode":{"drawMode":0,"name":"Shaded","section":"Shading Mode"},"sceneLighting":true,"audioPlay":false,"sceneViewState":{"m_AlwaysRefresh":false,"showFog":true,"showSkybox":true,"showFlares":true,"showImageEffects":true,"showParticleSystems":true,"showVisualEffectGraphs":true,"m_FxEnabled":true},"in2DMode":false,"pivot":{"x":63.059654235839847,"y":13.87596607208252,"z":-1.8552536964416505},"rotation":{"x":0.033400509506464007,"y":-0.7316269874572754,"z":-0.03607407212257385,"w":-0.6797916889190674},"size":44.446624755859378,"orthographic":false}