{"cameraMode":{"drawMode":0,"name":"Shaded","section":"Shading Mode"},"sceneLighting":true,"audioPlay":false,"sceneViewState":{"m_AlwaysRefresh":false,"showFog":true,"showSkybox":true,"showFlares":true,"showImageEffects":true,"showParticleSystems":true,"showVisualEffectGraphs":true,"m_FxEnabled":true},"in2DMode":false,"pivot":{"x":-6.3644938468933109,"y":-48.63425064086914,"z":95.94606018066406},"rotation":{"x":0.22916989028453828,"y":-0.02336888574063778,"z":0.005464125890284777,"w":0.9730006456375122},"size":62.26030731201172,"orthographic":false}