{"cameraMode":{"drawMode":0,"name":"Shaded","section":"Shading Mode"},"sceneLighting":true,"audioPlay":false,"sceneViewState":{"m_AlwaysRefresh":false,"showFog":true,"showSkybox":true,"showFlares":true,"showImageEffects":true,"showParticleSystems":true,"showVisualEffectGraphs":true,"m_FxEnabled":true},"in2DMode":false,"pivot":{"x":-0.48478007316589358,"y":-47.56718063354492,"z":69.12940979003906},"rotation":{"x":-0.2814241051673889,"y":0.007785750087350607,"z":-0.002219808055087924,"w":-0.9594590067863464},"size":56.52051544189453,"orthographic":false}