{"cameraMode":{"drawMode":0,"name":"Shaded","section":"Shading Mode"},"sceneLighting":true,"audioPlay":false,"sceneViewState":{"m_AlwaysRefresh":false,"showFog":true,"showSkybox":true,"showFlares":true,"showImageEffects":true,"showParticleSystems":true,"showVisualEffectGraphs":true,"m_FxEnabled":true},"in2DMode":false,"pivot":{"x":-2.6964223384857179,"y":-2.1677284240722658,"z":-1.9847354888916016},"rotation":{"x":-0.3013668954372406,"y":0.06686223298311234,"z":-0.021168265491724016,"w":-0.9509336352348328},"size":11.53708267211914,"orthographic":false}