{"cameraMode":{"drawMode":0,"name":"Shaded","section":"Shading Mode"},"sceneLighting":true,"audioPlay":false,"sceneViewState":{"m_AlwaysRefresh":false,"showFog":true,"showSkybox":true,"showFlares":true,"showImageEffects":true,"showParticleSystems":true,"showVisualEffectGraphs":true,"m_FxEnabled":true},"in2DMode":false,"pivot":{"x":-10.343461036682129,"y":-33.757450103759769,"z":75.65121459960938},"rotation":{"x":-0.202543705701828,"y":0.056374985724687579,"z":-0.011618779972195626,"w":-0.9774923920631409},"size":57.67790603637695,"orthographic":false}