{"cameraMode":{"drawMode":0,"name":"Shaded","section":"Shading Mode"},"sceneLighting":true,"audioPlay":false,"sceneViewState":{"m_AlwaysRefresh":false,"showFog":true,"showSkybox":true,"showFlares":true,"showImageEffects":true,"showParticleSystems":true,"showVisualEffectGraphs":true,"m_FxEnabled":true},"in2DMode":false,"pivot":{"x":-0.3623671531677246,"y":-15.72848129272461,"z":9.322101593017579},"rotation":{"x":-0.3457610309123993,"y":-0.041084423661231998,"z":0.015170522034168244,"w":-0.9373061656951904},"size":36.92106246948242,"orthographic":false}