{"cameraMode":{"drawMode":0,"name":"Shaded","section":"Shading Mode"},"sceneLighting":true,"audioPlay":false,"sceneViewState":{"m_AlwaysRefresh":false,"showFog":true,"showSkybox":true,"showFlares":true,"showImageEffects":true,"showParticleSystems":true,"showVisualEffectGraphs":true,"m_FxEnabled":true},"in2DMode":false,"pivot":{"x":0.08227181434631348,"y":-7.7717742919921879,"z":18.841217041015626},"rotation":{"x":-0.17932164669036866,"y":-0.010594913735985756,"z":0.00197504460811615,"w":-0.98369961977005},"size":25.451251983642579,"orthographic":false}