{"cameraMode":{"drawMode":0,"name":"Shaded","section":"Shading Mode"},"sceneLighting":true,"audioPlay":false,"sceneViewState":{"m_AlwaysRefresh":false,"showFog":true,"showSkybox":true,"showFlares":true,"showImageEffects":true,"showParticleSystems":true,"showVisualEffectGraphs":true,"m_FxEnabled":true},"in2DMode":false,"pivot":{"x":-14.073163032531739,"y":0.8948359489440918,"z":71.54151153564453},"rotation":{"x":-0.19801394641399384,"y":0.6724581718444824,"z":-0.19381000101566316,"w":-0.6859884858131409},"size":10.888616561889649,"orthographic":false}