{"cameraMode":{"drawMode":0,"name":"Shaded","section":"Shading Mode"},"sceneLighting":true,"audioPlay":false,"sceneViewState":{"m_AlwaysRefresh":false,"showFog":true,"showSkybox":true,"showFlares":true,"showImageEffects":true,"showParticleSystems":true,"showVisualEffectGraphs":true,"m_FxEnabled":true},"in2DMode":false,"pivot":{"x":111.55123138427735,"y":8.966178894042969,"z":20.115676879882814},"rotation":{"x":0.19403690099716187,"y":0.007122284732758999,"z":-0.0013824428897351027,"w":0.9808042645454407},"size":76.03781127929688,"orthographic":false}