{"cameraMode":{"drawMode":0,"name":"Shaded","section":"Shading Mode"},"sceneLighting":true,"audioPlay":false,"sceneViewState":{"m_AlwaysRefresh":false,"showFog":true,"showSkybox":true,"showFlares":true,"showImageEffects":true,"showParticleSystems":true,"showVisualEffectGraphs":true,"m_FxEnabled":true},"in2DMode":false,"pivot":{"x":-3.1094746589660646,"y":-37.03064727783203,"z":46.997772216796878},"rotation":{"x":-0.3270619213581085,"y":0.021550921723246576,"z":-0.007376051973551512,"w":-0.9446333646774292},"size":45.81148147583008,"orthographic":false}