{"cameraMode":{"drawMode":0,"name":"Shaded","section":"Shading Mode"},"sceneLighting":true,"audioPlay":false,"sceneViewState":{"m_AlwaysRefresh":false,"showFog":true,"showSkybox":true,"showFlares":true,"showImageEffects":true,"showParticleSystems":true,"showVisualEffectGraphs":true,"m_FxEnabled":true},"in2DMode":false,"pivot":{"x":-3.1504950523376467,"y":-46.23637771606445,"z":35.750465393066409},"rotation":{"x":-0.4107397496700287,"y":-0.003813378978520632,"z":0.0018026957986876369,"w":-0.9116400480270386},"size":48.62752914428711,"orthographic":false}