{"cameraMode":{"drawMode":0,"name":"Shaded","section":"Shading Mode"},"sceneLighting":true,"audioPlay":false,"sceneViewState":{"m_AlwaysRefresh":false,"showFog":true,"showSkybox":true,"showFlares":true,"showImageEffects":true,"showParticleSystems":true,"showVisualEffectGraphs":true,"m_FxEnabled":true},"in2DMode":false,"pivot":{"x":0.09621450304985047,"y":-0.945565938949585,"z":14.561997413635254},"rotation":{"x":0.06626119464635849,"y":-0.0018162181368097664,"z":0.00008644667104817927,"w":0.9977782964706421},"size":9.048946380615235,"orthographic":false}