{"cameraMode":{"drawMode":0,"name":"Shaded","section":"Shading Mode"},"sceneLighting":true,"audioPlay":false,"sceneViewState":{"m_AlwaysRefresh":false,"showFog":true,"showSkybox":true,"showFlares":true,"showImageEffects":true,"showParticleSystems":true,"showVisualEffectGraphs":true,"m_FxEnabled":true},"in2DMode":false,"pivot":{"x":-2.303919792175293,"y":1.0151348114013672,"z":24.567100524902345},"rotation":{"x":-0.042270973324775699,"y":0.031345434486866,"z":-0.0014781448990106583,"w":-0.9985151886940002},"size":26.437387466430665,"orthographic":false}