{"cameraMode":{"drawMode":0,"name":"Shaded","section":"Shading Mode"},"sceneLighting":true,"audioPlay":false,"sceneViewState":{"m_AlwaysRefresh":false,"showFog":true,"showSkybox":true,"showFlares":true,"showImageEffects":true,"showParticleSystems":true,"showVisualEffectGraphs":true,"m_FxEnabled":true},"in2DMode":false,"pivot":{"x":13.154684066772461,"y":-50.484886169433597,"z":115.12236022949219},"rotation":{"x":-0.23354892432689668,"y":0.020400550216436387,"z":-0.004814023617655039,"w":-0.9719671607017517},"size":86.34232330322266,"orthographic":false}