{"cameraMode":{"drawMode":0,"name":"Shaded","section":"Shading Mode"},"sceneLighting":true,"audioPlay":false,"sceneViewState":{"m_AlwaysRefresh":false,"showFog":true,"showSkybox":true,"showFlares":true,"showImageEffects":true,"showParticleSystems":true,"showVisualEffectGraphs":true,"m_FxEnabled":true},"in2DMode":false,"pivot":{"x":135.80844116210938,"y":-310.08441162109377,"z":-156.97122192382813},"rotation":{"x":-0.32992610335350039,"y":0.00920330360531807,"z":-0.003309273160994053,"w":-0.9437282681465149},"size":1015.7484741210938,"orthographic":false}