{"cameraMode":{"drawMode":0,"name":"Shaded","section":"Shading Mode"},"sceneLighting":true,"audioPlay":false,"sceneViewState":{"m_AlwaysRefresh":false,"showFog":true,"showSkybox":true,"showFlares":true,"showImageEffects":true,"showParticleSystems":true,"showVisualEffectGraphs":true,"m_FxEnabled":true},"in2DMode":false,"pivot":{"x":-4.611804485321045,"y":-3.201061248779297,"z":26.137165069580079},"rotation":{"x":-0.1347881257534027,"y":0.037014804780483249,"z":-0.005187055561691523,"w":-0.9900720119476318},"size":40.36088943481445,"orthographic":false}