{"count":1,"self":11.5782592,"total":11.663321999999999,"children":{"InitializeActuators":{"count":5,"self":0.00099779999999999986,"total":0.00099779999999999986,"children":null},"InitializeSensors":{"count":5,"self":0.0010008999999999999,"total":0.0010008999999999999,"children":null},"AgentSendState":{"count":344,"self":0.0010007,"total":0.010008699999999999,"children":{"CollectObservations":{"count":95,"self":0.0020017999999999998,"total":0.0020017999999999998,"children":null},"WriteActionMask":{"count":95,"self":0,"total":0,"children":null},"RequestDecision":{"count":95,"self":0.0070062,"total":0.0070062,"children":null}}},"DecideAction":{"count":344,"self":0.0710539,"total":0.0710539,"children":null},"AgentAct":{"count":344,"self":0.0010008999999999999,"total":0.0010008999999999999,"children":null}},"gauges":{},"metadata":{"timer_format_version":"0.1.0","start_time_seconds":"1716116367","unity_version":"2022.3.17f1","command_line_arguments":"D:\\Unity\\2022.3.17f1\\Editor\\Unity.exe -projectpath D:\\UnityGames\\Sincerity -useHub -hubIPC -cloudEnvironment production","communication_protocol_version":"1.5.0","com.unity.ml-agents_version":"2.3.0-exp.3","scene_name":"Diploma","end_time_seconds":"1716116378"}}