{"count":1,"self":56.8572032,"total":59.812421199999996,"children":{"InitializeActuators":{"count":5,"self":0.0020017999999999998,"total":0.0020017999999999998,"children":null},"InitializeSensors":{"count":5,"self":0.0010012,"total":0.0010012,"children":null},"AgentSendState":{"count":293084,"self":0.080082199999999992,"total":0.0950978,"children":{"CollectObservations":{"count":706,"self":0.0010008999999999999,"total":0.0010008999999999999,"children":null},"WriteActionMask":{"count":706,"self":0.0010008999999999999,"total":0.0010008999999999999,"children":null},"RequestDecision":{"count":706,"self":0.0080082,"total":0.013013799999999999,"children":{"AgentInfo.ToProto":{"count":706,"self":0.0010008,"total":0.0050056,"children":{"GenerateSensorData":{"count":706,"self":0.0040048,"total":0.0040048,"children":null}}}}}}},"DecideAction":{"count":293084,"self":2.8300856,"total":2.8300856999999997,"children":null},"AgentAct":{"count":293084,"self":0.026029399999999998,"total":0.026029399999999998,"children":null},"AgentInfo.ToProto":{"count":75,"self":0,"total":0.0010014,"children":{"GenerateSensorData":{"count":75,"self":0.0010014,"total":0.0010014,"children":null}}}},"gauges":{"RationalAction.CumulativeReward":{"count":75,"max":-100,"min":-100,"runningAverage":-100,"value":-100,"weightedAverage":-100}},"metadata":{"timer_format_version":"0.1.0","start_time_seconds":"1714324117","unity_version":"2022.3.17f1","command_line_arguments":"D:\\Unity\\2022.3.17f1\\Editor\\Unity.exe -projectpath D:\\UnityGames\\Sincerity -useHub -hubIPC -cloudEnvironment production","communication_protocol_version":"1.5.0","com.unity.ml-agents_version":"2.3.0-exp.3","scene_name":"Diploma","end_time_seconds":"1714324177"}}