{"count":1,"self":107.9037568,"total":361.83832459999996,"children":{"InitializeActuators":{"count":1125,"self":0.0060285,"total":0.0060285,"children":null},"InitializeSensors":{"count":1125,"self":0.0030015,"total":0.0030015,"children":null},"AgentSendState":{"count":59884,"self":1.0717661,"total":3.3674606999999996,"children":{"CollectObservations":{"count":631456,"self":0.1211635,"total":0.1211635,"children":null},"WriteActionMask":{"count":631456,"self":0.097479799999999991,"total":0.097479799999999991,"children":null},"RequestDecision":{"count":631456,"self":0.6251333,"total":2.0770513,"children":{"AgentInfo.ToProto":{"count":631456,"self":0.49501829999999997,"total":1.451918,"children":{"GenerateSensorData":{"count":631456,"self":0.95689969999999991,"total":0.95689969999999991,"children":null}}}}}}},"DecideAction":{"count":59884,"self":249.14629119999998,"total":249.14630119999998,"children":null},"AgentAct":{"count":59884,"self":1.2940304999999999,"total":1.2940304999999999,"children":null},"AgentInfo.ToProto":{"count":34012,"self":0.0483042,"total":0.1167387,"children":{"GenerateSensorData":{"count":34012,"self":0.0684345,"total":0.0684345,"children":null}}}},"gauges":{"RationalAction.CumulativeReward":{"count":8508,"max":24.3999825,"min":-10.499999,"runningAverage":1.98449779,"value":11.0999985,"weightedAverage":5.69467735},"RationalDecision.CumulativeReward":{"count":8502,"max":40,"min":-21,"runningAverage":4.02693462,"value":15,"weightedAverage":11.0924406},"EmotionalDecision.CumulativeReward":{"count":8501,"max":51,"min":-14,"runningAverage":3.285261,"value":7,"weightedAverage":7.367494},"InstinctDecision.CumulativeReward":{"count":8501,"max":40,"min":-73,"runningAverage":3.32361054,"value":7,"weightedAverage":6.91875935}},"metadata":{"timer_format_version":"0.1.0","start_time_seconds":"1716569813","unity_version":"2022.3.17f1","command_line_arguments":"D:\\Unity\\2022.3.17f1\\Editor\\Unity.exe -projectpath D:\\UnityGames\\Sincerity -useHub -hubIPC -cloudEnvironment production","communication_protocol_version":"1.5.0","com.unity.ml-agents_version":"2.3.0-exp.3","scene_name":"LearningScene","end_time_seconds":"1716570175"}}