{"count":1,"self":4.1752063999999995,"total":8.0314251,"children":{"InitializeActuators":{"count":1125,"self":0.0070052,"total":0.0070052,"children":null},"InitializeSensors":{"count":1125,"self":0.0010008999999999999,"total":0.0010008999999999999,"children":null},"AgentSendState":{"count":1734,"self":0.043037399999999996,"total":0.12371,"children":{"CollectObservations":{"count":21901,"self":0.0070060999999999995,"total":0.0070060999999999995,"children":null},"WriteActionMask":{"count":21901,"self":0.0069996999999999993,"total":0.0069996999999999993,"children":null},"RequestDecision":{"count":21901,"self":0.0240217,"total":0.0666668,"children":{"AgentInfo.ToProto":{"count":21901,"self":0.013617899999999999,"total":0.0426451,"children":{"GenerateSensorData":{"count":21901,"self":0.0290272,"total":0.0290272,"children":null}}}}}}},"DecideAction":{"count":1734,"self":3.6704676,"total":3.6704676,"children":null},"AgentAct":{"count":1734,"self":0.0530338,"total":0.0530338,"children":null}},"gauges":{},"metadata":{"timer_format_version":"0.1.0","start_time_seconds":"1716636971","unity_version":"2022.3.17f1","command_line_arguments":"D:\\Unity\\2022.3.17f1\\Editor\\Unity.exe -projectpath D:\\UnityGames\\Sincerity -useHub -hubIPC -cloudEnvironment production","communication_protocol_version":"1.5.0","com.unity.ml-agents_version":"2.3.0-exp.3","scene_name":"LearningScene","end_time_seconds":"1716636979"}}