{"count":1,"self":1170.134528,"total":2129.1457099,"children":{"InitializeActuators":{"count":720,"self":0.0040009,"total":0.0040009,"children":null},"InitializeSensors":{"count":720,"self":0.0037051,"total":0.0037051,"children":null},"AgentSendState":{"count":325301,"self":4.2810248,"total":14.917523399999999,"children":{"CollectObservations":{"count":2005829,"self":1.3983261,"total":1.3983261,"children":null},"WriteActionMask":{"count":2005829,"self":0.6431085,"total":0.6431085,"children":null},"RequestDecision":{"count":2005829,"self":2.5547131999999997,"total":8.5950638,"children":{"AgentInfo.ToProto":{"count":2005829,"self":2.1595554,"total":6.0403506999999994,"children":{"GenerateSensorData":{"count":2005829,"self":3.8807951999999997,"total":3.8807953,"children":null}}}}}}},"DecideAction":{"count":325301,"self":939.9647232,"total":939.9647397,"children":null},"AgentAct":{"count":325301,"self":3.8625415999999997,"total":3.8625414,"children":null},"AgentInfo.ToProto":{"count":82759,"self":0.089767599999999989,"total":0.2586547,"children":{"GenerateSensorData":{"count":82759,"self":0.16888709999999998,"total":0.16888709999999998,"children":null}}}},"gauges":{"RationalAction.CumulativeReward":{"count":20718,"max":36.6999779,"min":-5.30000257,"runningAverage":3.23306751,"value":3.39999962,"weightedAverage":2.53201413},"RationalDecision.CumulativeReward":{"count":20691,"max":221,"min":-37,"runningAverage":19.94743,"value":20,"weightedAverage":18.21164},"EmotionalDecision.CumulativeReward":{"count":20675,"max":85,"min":-12,"runningAverage":11.2222233,"value":10,"weightedAverage":9.696333},"InstinctDecision.CumulativeReward":{"count":20675,"max":87,"min":-20,"runningAverage":11.5070143,"value":12,"weightedAverage":10.32992}},"metadata":{"timer_format_version":"0.1.0","start_time_seconds":"1717319921","unity_version":"2022.3.17f1","command_line_arguments":"D:\\Unity\\2022.3.17f1\\Editor\\Unity.exe -projectpath D:\\UnityGames\\Sincerity -useHub -hubIPC -cloudEnvironment production","communication_protocol_version":"1.5.0","com.unity.ml-agents_version":"2.3.0-exp.3","scene_name":"MultiagentTest","end_time_seconds":"1717322050"}}