{"count":1,"self":604.1769472,"total":1290.0889843999998,"children":{"InitializeActuators":{"count":2880,"self":0.0110104,"total":0.0110104,"children":null},"InitializeSensors":{"count":2880,"self":0.0070050999999999993,"total":0.0070050999999999993,"children":null},"AgentSendState":{"count":91301,"self":5.3635936,"total":11.5153629,"children":{"CollectObservations":{"count":1247745,"self":0.86686619999999992,"total":0.86686619999999992,"children":null},"WriteActionMask":{"count":1247745,"self":0.3108431,"total":0.3108431,"children":null},"RequestDecision":{"count":1247745,"self":1.4564606,"total":4.9740601999999994,"children":{"AgentInfo.ToProto":{"count":1247745,"self":0.9698369,"total":3.5175996,"children":{"GenerateSensorData":{"count":1247745,"self":2.5477628,"total":2.5477627,"children":null}}}}}}},"DecideAction":{"count":91301,"self":668.46254079999994,"total":668.4625566,"children":null},"AgentAct":{"count":91301,"self":5.7779736,"total":5.7779736999999995,"children":null},"AgentInfo.ToProto":{"count":58461,"self":0.043028199999999996,"total":0.13713609999999998,"children":{"GenerateSensorData":{"count":58461,"self":0.0941079,"total":0.0941079,"children":null}}}},"gauges":{"RationalAction.CumulativeReward":{"count":14666,"max":19.3000126,"min":-8.099998,"runningAverage":0.4552637,"value":0.400000185,"weightedAverage":1.83868122},"RationalDecision.CumulativeReward":{"count":14625,"max":191,"min":-36,"runningAverage":13.5568953,"value":15,"weightedAverage":26.90054},"EmotionalDecision.CumulativeReward":{"count":14585,"max":81,"min":-18,"runningAverage":7.25965834,"value":9,"weightedAverage":12.2210865},"InstinctDecision.CumulativeReward":{"count":14585,"max":110,"min":-1,"runningAverage":10.8151894,"value":9,"weightedAverage":12.9613943}},"metadata":{"timer_format_version":"0.1.0","start_time_seconds":"1717434274","unity_version":"2022.3.17f1","command_line_arguments":"D:\\Unity\\2022.3.17f1\\Editor\\Unity.exe -projectpath D:\\UnityGames\\Sincerity -useHub -hubIPC -cloudEnvironment production","communication_protocol_version":"1.5.0","com.unity.ml-agents_version":"2.3.0-exp.3","scene_name":"MultiagentTest","end_time_seconds":"1717435564"}}