{"cameraMode":{"drawMode":0,"name":"Shaded","section":"Shading Mode"},"sceneLighting":false,"audioPlay":false,"sceneViewState":{"m_AlwaysRefresh":false,"showFog":true,"showSkybox":false,"showFlares":true,"showImageEffects":true,"showParticleSystems":true,"showVisualEffectGraphs":true,"m_FxEnabled":true},"in2DMode":false,"pivot":{"x":-0.30689525604248049,"y":0.5008711814880371,"z":-0.8438142538070679},"rotation":{"x":0.20831403136253358,"y":0.6721888780593872,"z":-0.20596390962600709,"w":0.6799200773239136},"size":8.324502944946289,"orthographic":false}