{"cameraMode":{"drawMode":0,"name":"Shaded","section":"Shading Mode"},"sceneLighting":false,"audioPlay":false,"sceneViewState":{"m_AlwaysRefresh":false,"showFog":true,"showSkybox":false,"showFlares":true,"showImageEffects":true,"showParticleSystems":true,"showVisualEffectGraphs":true,"m_FxEnabled":true},"in2DMode":false,"pivot":{"x":14.405669212341309,"y":56.87866973876953,"z":37.431461334228519},"rotation":{"x":-0.013449708931148053,"y":-0.8429996967315674,"z":0.5371403694152832,"w":-0.020549967885017396},"size":11.676575660705567,"orthographic":false}