{"cameraMode":{"drawMode":0,"name":"Shaded","section":"Shading Mode"},"sceneLighting":false,"audioPlay":false,"sceneViewState":{"m_AlwaysRefresh":false,"showFog":true,"showSkybox":false,"showFlares":true,"showImageEffects":true,"showParticleSystems":true,"showVisualEffectGraphs":true,"m_FxEnabled":true},"in2DMode":false,"pivot":{"x":5.311583995819092,"y":0.024404048919677736,"z":19.595069885253908},"rotation":{"x":0.15746444463729859,"y":-0.8077902793884277,"z":0.2486574947834015,"w":0.5102893710136414},"size":5.558835506439209,"orthographic":false}